{
  "fixed_tau": {
    "tau": 0.103,
    "exit_rate": 0.2039039039039039,
    "edge_exit_accuracy": 0.9536082474226805,
    "overall_accuracy_oracle": 0.9905405405405405,
    "exit_count": 2716,
    "total": 13320
  },
  "sweep": {
    "taus": [
      1.6780961232143454e-05,
      0.0025269732566750645,
      0.005037165552117986,
      0.007547357847560906,
      0.010057550143003828,
      0.01256774243844675,
      0.015077934733889669,
      0.01758812702933259,
      0.020098319324775512,
      0.022608511620218433,
      0.025118703915661355,
      0.027628896211104276,
      0.030139088506547194,
      0.032649280801990116,
      0.03515947309743304,
      0.03766966539287596,
      0.04017985768831888,
      0.0426900499837618,
      0.04520024227920472,
      0.047710434574647645,
      0.050220626870090566,
      0.05273081916553349,
      0.05524101146097641,
      0.05775120375641933,
      0.060261396051862245,
      0.06277158834730517,
      0.06528178064274809,
      0.06779197293819102,
      0.07030216523363393,
      0.07281235752907686,
      0.07532254982451977,
      0.0778327421199627,
      0.08034293441540562,
      0.08285312671084853,
      0.08536331900629146,
      0.08787351130173437,
      0.0903837035971773,
      0.09289389589262022,
      0.09540408818806315,
      0.09791428048350606,
      0.10042447277894899,
      0.1029346650743919,
      0.10544485736983483,
      0.10795504966527775,
      0.11046524196072068,
      0.11297543425616359,
      0.11548562655160652,
      0.11799581884704943,
      0.12050601114249235,
      0.12301620343793528,
      0.1255263957333782,
      0.12803658802882112,
      0.13054678032426403,
      0.13305697261970695,
      0.1355671649151499,
      0.1380773572105928,
      0.14058754950603572,
      0.14309774180147863,
      0.14560793409692158,
      0.1481181263923645
    ],
    "exit_rates": [
      1.0,
      0.9963213213213213,
      0.9942192192192192,
      0.9931681681681682,
      0.9927927927927928,
      0.9924924924924925,
      0.9924924924924925,
      0.9924924924924925,
      0.9924924924924925,
      0.9924924924924925,
      0.9924924924924925,
      0.9924924924924925,
      0.9924924924924925,
      0.9924924924924925,
      0.9924924924924925,
      0.9924924924924925,
      0.9924924924924925,
      0.9924924924924925,
      0.9924174174174174,
      0.9924174174174174,
      0.9924174174174174,
      0.9924174174174174,
      0.9924174174174174,
      0.9924174174174174,
      0.9924174174174174,
      0.9924174174174174,
      0.9924174174174174,
      0.9924174174174174,
      0.9924174174174174,
      0.9924174174174174,
      0.9924174174174174,
      0.9924174174174174,
      0.9924174174174174,
      0.9924174174174174,
      0.9923423423423423,
      0.9917417417417418,
      0.990015015015015,
      0.9677927927927928,
      0.8828078078078078,
      0.7517267267267267,
      0.44279279279279277,
      0.2078078078078078,
      0.09519519519519519,
      0.04827327327327327,
      0.023423423423423424,
      0.01463963963963964,
      0.010510510510510511,
      0.008633633633633633,
      0.008333333333333333,
      0.007732732732732733,
      0.007282282282282282,
      0.006456456456456456,
      0.005405405405405406,
      0.004429429429429429,
      0.0035285285285285286,
      0.002627627627627628,
      0.0017267267267267268,
      0.001051051051051051,
      0.0003003003003003003,
      7.507507507507507e-05
    ],
    "edge_accs": [
      0.6214714714714715,
      0.6228618792856605,
      0.6224420448538851,
      0.6221180739284904,
      0.6219751966122202,
      0.6218608169440242,
      0.6218608169440242,
      0.6218608169440242,
      0.6218608169440242,
      0.6218608169440242,
      0.6218608169440242,
      0.6218608169440242,
      0.6218608169440242,
      0.6218608169440242,
      0.6218608169440242,
      0.6218608169440242,
      0.6218608169440242,
      0.6218608169440242,
      0.6218322112111355,
      0.6218322112111355,
      0.6218322112111355,
      0.6218322112111355,
      0.6218322112111355,
      0.6218322112111355,
      0.6218322112111355,
      0.6218322112111355,
      0.6218322112111355,
      0.6218322112111355,
      0.6218322112111355,
      0.6218322112111355,
      0.6218322112111355,
      0.6218322112111355,
      0.6218322112111355,
      0.6218322112111355,
      0.6218792555605992,
      0.6220287660862983,
      0.6226586790020475,
      0.6322240322705763,
      0.6584743600646313,
      0.6861080595226206,
      0.8265513733468972,
      0.9515895953757225,
      0.9905362776025236,
      1.0,
      1.0,
      1.0,
      1.0,
      1.0,
      1.0,
      1.0,
      1.0,
      1.0,
      1.0,
      1.0,
      1.0,
      1.0,
      1.0,
      1.0,
      1.0,
      1.0
    ],
    "overall_accs": [
      0.6214714714714715,
      0.6242492492492493,
      0.6246246246246246,
      0.6246996996996997,
      0.6246996996996997,
      0.6246996996996997,
      0.6246996996996997,
      0.6246996996996997,
      0.6246996996996997,
      0.6246996996996997,
      0.6246996996996997,
      0.6246996996996997,
      0.6246996996996997,
      0.6246996996996997,
      0.6246996996996997,
      0.6246996996996997,
      0.6246996996996997,
      0.6246996996996997,
      0.6246996996996997,
      0.6246996996996997,
      0.6246996996996997,
      0.6246996996996997,
      0.6246996996996997,
      0.6246996996996997,
      0.6246996996996997,
      0.6246996996996997,
      0.6246996996996997,
      0.6246996996996997,
      0.6246996996996997,
      0.6246996996996997,
      0.6246996996996997,
      0.6246996996996997,
      0.6246996996996997,
      0.6246996996996997,
      0.6247747747747747,
      0.6251501501501502,
      0.6264264264264264,
      0.644069069069069,
      0.6984984984984985,
      0.764039039039039,
      0.9231981981981981,
      0.9899399399399399,
      0.9990990990990991,
      1.0,
      1.0,
      1.0,
      1.0,
      1.0,
      1.0,
      1.0,
      1.0,
      1.0,
      1.0,
      1.0,
      1.0,
      1.0,
      1.0,
      1.0,
      1.0,
      1.0
    ],
    "best_tau_overall": 0.10795504966527775
  },
  "alpha": 0.9,
  "beta": 0.1,
  "layer": "layer3"
}